PRAGMA foreign_keys=OFF;
BEGIN TRANSACTION;
CREATE TABLE player(id INTEGER NOT NULL PRIMARY KEY AUTOINCREMENT, piece TEXT NOT NULL);
INSERT INTO "player" VALUES(1,'Naught');
INSERT INTO "player" VALUES(2,'Cross');
CREATE TABLE outcome(id INTEGER PRIMARY KEY AUTOINCREMENT, description TEXT NOT NULL);
INSERT INTO "outcome" VALUES(1,'In progress');
INSERT INTO "outcome" VALUES(2,'Naught won');
INSERT INTO "outcome" VALUES(3,'Cross won');
INSERT INTO "outcome" VALUES(4,'Draw');
CREATE TABLE move(gameid INTEGER NOT NULL, playerid INTEGER NOT NULL, movenum INTEGER NOT NULL, x INTEGER NOT NULL, y INTEGER NOT NULL, FOREIGN KEY(gameid) REFERENCES game(id), FOREIGN KEY(playerid) REFERENCES player(id));
INSERT INTO "move" VALUES(5,1,1,0,0);
INSERT INTO "move" VALUES(5,2,2,0,1);
INSERT INTO "move" VALUES(5,1,3,0,2);
INSERT INTO "move" VALUES(5,2,4,1,2);
INSERT INTO "move" VALUES(5,1,5,1,1);
INSERT INTO "move" VALUES(5,2,6,2,0);
INSERT INTO "move" VALUES(5,1,7,2,1);
INSERT INTO "move" VALUES(5,2,8,2,2);
INSERT INTO "move" VALUES(5,1,9,1,0);
INSERT INTO "move" VALUES(6,1,1,0,0);
INSERT INTO "move" VALUES(6,2,2,0,1);
INSERT INTO "move" VALUES(6,1,3,0,2);
INSERT INTO "move" VALUES(6,2,4,1,1);
INSERT INTO "move" VALUES(6,1,5,1,2);
INSERT INTO "move" VALUES(6,2,6,2,1);
INSERT INTO "move" VALUES(7,1,1,0,0);
INSERT INTO "move" VALUES(7,2,2,0,1);
INSERT INTO "move" VALUES(7,1,3,0,2);
INSERT INTO "move" VALUES(7,2,4,1,1);
INSERT INTO "move" VALUES(7,1,5,1,2);
INSERT INTO "move" VALUES(7,2,6,2,1);
INSERT INTO "move" VALUES(7,1,7,2,2);
INSERT INTO "move" VALUES(7,2,8,1,2);
INSERT INTO "move" VALUES(7,1,9,1,1);
INSERT INTO "move" VALUES(7,2,10,0,2);
INSERT INTO "move" VALUES(7,1,11,0,0);
INSERT INTO "move" VALUES(8,1,1,0,0);
INSERT INTO "move" VALUES(8,2,2,0,1);
INSERT INTO "move" VALUES(8,1,3,1,0);
INSERT INTO "move" VALUES(8,2,4,1,1);
INSERT INTO "move" VALUES(8,1,5,2,0);
INSERT INTO "move" VALUES(15,1,1,0,0);
INSERT INTO "move" VALUES(15,2,2,0,1);
INSERT INTO "move" VALUES(15,1,3,1,0);
INSERT INTO "move" VALUES(15,2,4,1,1);
INSERT INTO "move" VALUES(15,1,5,2,0);
INSERT INTO "move" VALUES(16,1,1,0,0);
INSERT INTO "move" VALUES(18,1,1,0,0);
INSERT INTO "move" VALUES(19,1,1,0,0);
INSERT INTO "move" VALUES(19,2,2,0,1);
INSERT INTO "move" VALUES(19,1,3,1,0);
INSERT INTO "move" VALUES(19,2,4,1,1);
INSERT INTO "move" VALUES(19,1,5,1,2);
INSERT INTO "move" VALUES(19,2,6,2,1);
INSERT INTO "move" VALUES(22,1,1,0,0);
INSERT INTO "move" VALUES(22,2,2,1,0);
INSERT INTO "move" VALUES(22,1,3,1,1);
INSERT INTO "move" VALUES(22,2,4,0,1);
INSERT INTO "move" VALUES(22,1,5,2,2);
INSERT INTO "move" VALUES(23,1,1,0,0);
INSERT INTO "move" VALUES(23,2,2,0,1);
INSERT INTO "move" VALUES(23,1,3,1,0);
INSERT INTO "move" VALUES(23,2,4,1,1);
INSERT INTO "move" VALUES(23,1,5,2,0);
INSERT INTO "move" VALUES(24,1,1,0,0);
INSERT INTO "move" VALUES(24,2,2,0,1);
INSERT INTO "move" VALUES(24,1,3,1,0);
INSERT INTO "move" VALUES(24,2,4,1,1);
INSERT INTO "move" VALUES(24,1,5,2,0);
CREATE TABLE game(id INTEGER NOT NULL PRIMARY KEY AUTOINCREMENT, outcomeid INTEGER NOT NULL, FOREIGN KEY(outcomeid) REFERENCES outcome(id));
INSERT INTO "game" VALUES(1,1);
INSERT INTO "game" VALUES(2,1);
INSERT INTO "game" VALUES(3,1);
INSERT INTO "game" VALUES(4,1);
INSERT INTO "game" VALUES(5,1);
INSERT INTO "game" VALUES(6,1);
INSERT INTO "game" VALUES(7,2);
INSERT INTO "game" VALUES(8,2);
INSERT INTO "game" VALUES(9,1);
INSERT INTO "game" VALUES(10,1);
INSERT INTO "game" VALUES(11,1);
INSERT INTO "game" VALUES(12,1);
INSERT INTO "game" VALUES(13,1);
INSERT INTO "game" VALUES(14,1);
INSERT INTO "game" VALUES(15,2);
INSERT INTO "game" VALUES(16,1);
INSERT INTO "game" VALUES(17,1);
INSERT INTO "game" VALUES(18,1);
INSERT INTO "game" VALUES(19,3);
INSERT INTO "game" VALUES(20,1);
INSERT INTO "game" VALUES(21,1);
INSERT INTO "game" VALUES(22,2);
INSERT INTO "game" VALUES(23,2);
INSERT INTO "game" VALUES(24,2);
DELETE FROM sqlite_sequence;
INSERT INTO "sqlite_sequence" VALUES('player',2);
INSERT INTO "sqlite_sequence" VALUES('outcome',4);
INSERT INTO "sqlite_sequence" VALUES('game',24);
COMMIT;
